nombre,email,telefono,movil,ciudad,documento,comentario
Roberto Vega Morales,roberto.vega@ejemplo.com,922345678,622345678,Granada,11223344A,Estudiante de 6to grado
Patricia Silva Torres,patricia.silva@ejemplo.com,923456789,623456789,Córdoba,22334455B,Profesora de Literatura
Diego Ramírez Vázquez,diego.ramirez@ejemplo.com,924567890,624567890,Valladolid,33445566C,Estudiante de 5to grado
Elena Castro Herrera,elena.castro@ejemplo.com,925678901,625678901,Santander,44556677D,Profesora de Física
Miguel Navarro Ruiz,miguel.navarro@ejemplo.com,926789012,626789012,Toledo,55667788E,Estudiante de 3er grado
Beatriz Ortega Santos,beatriz.ortega@ejemplo.com,927890123,627890123,Pamplona,66778899F,Profesora de Química
Javier Delgado Mora,javier.delgado@ejemplo.com,928901234,628901234,Badajoz,77889900G,Estudiante de 4to grado
Raquel Medina Gil,raquel.medina@ejemplo.com,929012345,629012345,Salamanca,88990011H,Profesora de Biología
Andrés Campos Prieto,andres.campos@ejemplo.com,930123456,630123456,Logroño,99001122I,Estudiante de 2do grado
Sandra Fuentes Peña,sandra.fuentes@ejemplo.com,931234567,631234567,Cáceres,00112233J,Profesora de Geografía
Alberto Méndez Ramos,alberto.mendez@ejemplo.com,932345678,632345678,Tarragona,11234567K,Estudiante de 1er grado
Cristina Vargas León,cristina.vargas@ejemplo.com,933456789,633456789,Alicante,22345678L,Profesora de Arte
Óscar Iglesias Cruz,oscar.iglesias@ejemplo.com,934567890,634567890,Gijón,33456789M,Estudiante de 5to grado
Mónica Reyes Domínguez,monica.reyes@ejemplo.com,935678901,635678901,Vigo,44567890N,Profesora de Música
Pablo Guerrero Jiménez,pablo.guerrero@ejemplo.com,936789012,636789012,Coruña,55678901O,Estudiante de 3er grado
